term,label,analysis_group,ref,ref_group
ami,Acute myocardial infarction,,2,
angina,Angina,,8,
ate,Arterial thrombotic events,,1,
vte,Venous thrombotic events,,4,
dvt,Deep vein thrombosis,,6,
hf,Heart failure,,7,
pe,Pulmonary embolism,,5,
stroke_isch,Ischaemic stroke,,3,
stroke_sahhs,Subarachnoid haemorrhage and haemorrhagic stroke,,10,
tia,Transient ischaemic attack,,9,
prevax,Pre-vaccine availability (Jan 1 2020 - May 31 2025),,,
vax,Vaccinated (Jun 1 2021 - May 31 2025),,,
unvax,Unvaccinated (Jun 1 2021 - May 31 2025),,,
main,All COVID-19,main,1,1
sub_age_18_39,Age group: 18-39,age,1,4
sub_age_40_59,Age group: 40-59,age,2,4
sub_age_60_79,Age group: 60-79,age,3,4
sub_age_80_110,Age group: 80-110,age,4,4
sub_covidhospital_TRUE,Hospitalised COVID-19,main,2,2
sub_covidhospital_FALSE,Non-hospitalised COVID-19,main,3,2
sub_ethnicity_asian,Ethnicity: Asian,ethnicity,2,5
sub_ethnicity_black,Ethnicity: Black,ethnicity,3,5
sub_ethnicity_mixed,Ethnicity: Mixed,ethnicity,4,5
sub_ethnicity_other,Ethnicity: Other,ethnicity,5,5
sub_ethnicity_white,Ethnicity: White,ethnicity,1,5
sub_vte_TRUE,Prior history of VTE,vte,1,8
sub_vte_FALSE,No prior history of VTE,vte,2,8
sub_ate_TRUE,Prior history of ATE,ate,1,7
sub_ate_FALSE,No prior history of ATE,ate,2,7
sub_sex_female,Sex: Female,sex,1,4
sub_sex_male,Sex: Male,sex,2,4
sub_covidhistory,History of COVID-19,covidhistory,1,3
All,All,,1,
cov_bin_ami,Acute myocardial infarction,,12,
cov_bin_angina,Angina,,13,
cov_bin_anticoagulant,Anticoagulant medications,,14,
cov_bin_antiplatelet,Antiplatelet medications,,15,
cov_bin_cancer,Cancer,,16,
cov_bin_carehome,Care home resident,,9,
cov_bin_ckd,Chronic kidney disease,,17,
cov_bin_cocp,Combined oral contraceptive pill,,18,
cov_bin_copd,Chronic obstructive pulmonary disease,,19,
cov_bin_dementia,Dementia,,20,
cov_bin_depression,Depression,,21,
cov_bin_diabetes,Diabetes,,22,
cov_bin_hcworker,Healthcare worker ,,10,
cov_bin_hf,Heart failure,,23,
cov_bin_hrt,Hormone replacement therapy,,24,
cov_bin_hypertension,Hypertension,,25,
cov_bin_lipidmed,Lipid medications,,26,
cov_bin_liver_disease,Liver disease,,27,
cov_bin_obesity,Obesity,,28,
cov_bin_other_ae,Other arterial embolism,,29,
cov_bin_stroke_all,All stroke,,11,
cov_bin_vte,Venous thrombotic events,,30,
cov_cat_age_group,Age group,,3,
cov_cat_consrate2019,GP consultations in 2019,,8,
cov_cat_ethnicity,Ethnicity,,4,
cov_cat_imd,Index of multiple deprivation quintile,,5,
cov_cat_sex,Sex,,2,
cov_cat_smoking,Smoking status,,6,
strat_cat_region,Region,,7,
days0_1,Day 0,,1,
days1_7,"Week 1, without day 0",,2,
days1095_1460,Years 3 - 4,,11,
days14_28,Weeks 3 - 4,,4,
days1460_1825,Years 4 - 5,,12,
days1825_1979,Years 5 - 5.5,,13,
days183_365,Weeks 27 - 52,,8,
days28_56,Weeks 4 - 8,,5,
days365_730,Years 1 - 2,,9,
days56_84,Weeks 8 - 12,,6,
days7_14,Weeks 2 - 3,,3,
days730_1095,Years 2 - 3,,10,
days84_183,Weeks 12 - 26,,7,